n,simple,bin,segmented
1,1,11,3
2,2,9,1
3,3,11,3
4,4,8,0
5,5,11,3
6,6,9,1
7,7,11,3
8,8,7,1
9,9,11,3
10,10,9,0
11,11,11,1
12,12,8,3
13,13,11,2
14,14,9,0
15,15,11,2
16,16,6,0
17,17,11,2
18,18,9,1
19,19,11,1
20,20,8,1
21,21,11,1
22,22,9,1
23,23,11,3
24,24,7,5
25,25,11,2
26,26,9,5
27,27,11,3
28,28,8,5
29,29,11,1
30,30,9,3
31,31,10,5
32,32,12,2
33,33,5,5
34,34,11,3
35,35,9,5
36,36,11,0
37,37,8,3
38,38,11,5
39,39,9,2
40,40,11,5
41,41,7,3
42,42,11,5
43,43,9,1
44,44,11,3
45,45,8,5
46,46,11,2
47,47,9,5
48,48,11,3
49,49,6,5
50,50,11,5
51,51,9,3
52,52,11,5
53,53,8,2
54,54,11,5
55,55,9,3
56,56,11,5
57,57,7,1
58,58,11,5
59,59,9,3
60,60,11,5
61,61,8,2
62,62,11,5
63,63,9,3
64,64,10,5
65,65,12,0
66,66,4,5
67,67,11,3
68,68,9,5
69,69,11,2
70,70,8,5
71,71,11,3
72,72,9,5
73,73,11,1
74,74,7,5
75,75,11,3
76,76,9,5
77,77,11,2
78,78,8,5
79,79,11,3
80,80,9,5
81,81,11,5
82,82,6,3
83,83,11,5
84,84,9,2
85,85,11,5
86,86,8,3
87,87,11,5
88,88,9,1
89,89,11,5
90,90,7,3
91,91,11,5
92,92,9,2
93,93,11,5
94,94,8,3
95,95,11,4
96,96,9,6
97,97,10,0
98,98,12,5
99,99,5,3
100,100,11,5
101,101,9,2
102,102,11,5
103,103,8,3
104,104,11,5
105,105,9,1
106,106,11,5
107,107,7,3
108,108,11,5
109,109,9,2
110,110,11,5
111,111,8,3
112,112,11,4
113,113,9,6
114,114,10,5
115,115,12,3
116,116,6,5
117,117,11,2
118,118,9,5
119,119,11,3
120,120,8,5
121,121,11,1
122,122,9,5
123,123,11,3
124,124,7,5
125,125,11,2
126,126,9,5
127,127,11,3
128,128,8,4
129,129,11,6
130,130,9,0
131,131,10,5
132,132,12,3
133,133,3,5
134,134,11,2
135,135,9,5
136,136,11,3
137,137,8,4
138,138,11,6
139,139,9,1
140,140,11,5
141,141,7,3
142,142,11,5
143,143,9,2
144,144,11,5
145,145,8,3
146,146,11,4
147,147,9,6
148,148,11,4
149,149,6,2
150,150,11,4
151,151,9,1
152,152,11,4
153,153,8,2
154,154,11,3
155,155,9,5
156,156,11,0
157,157,7,4
158,158,11,2
159,159,9,3
160,160,11,5
161,161,8,1
162,162,11,4
163,163,9,2
164,164,10,3
165,165,12,5
166,166,5,3
167,167,11,5
168,168,9,2
169,169,11,5
170,170,8,3
171,171,11,5
172,172,9,1
173,173,11,3
174,174,7,5
175,175,11,2
176,176,9,5
177,177,11,3
178,178,8,5
179,179,11,0
180,180,9,3
181,181,11,5
182,182,6,2
183,183,11,5
184,184,9,3
185,185,11,5
186,186,8,1
187,187,11,3
188,188,9,5
189,189,11,2
190,190,7,5
191,191,11,3
192,192,9,5
193,193,11,4
194,194,8,2
195,195,11,4
196,196,9,1
197,197,10,4
198,198,12,2
199,199,4,4
200,200,11,0
201,201,9,4
202,202,11,2
203,203,8,4
204,204,11,1
205,205,9,4
206,206,11,2
207,207,7,3
208,208,11,5
209,209,9,3
210,210,11,5
211,211,8,2
212,212,11,5
213,213,9,3
214,214,11,5
215,215,6,1
216,216,11,3
217,217,9,5
218,218,11,2
219,219,8,5
220,220,11,3
221,221,9,5
222,222,11,0
223,223,7,3
224,224,11,5
225,225,9,2
226,226,11,5
227,227,8,3
228,228,11,5
229,229,9,1
230,230,10,5
231,231,12,3
232,232,5,5
233,233,11,2
234,234,9,5
235,235,11,3
236,236,8,5
237,237,11,4
238,238,9,2
239,239,11,4
240,240,7,1
241,241,11,4
242,242,9,2
243,243,11,3
244,244,8,5
245,245,11,0
246,246,9,4
247,247,10,2
248,248,12,4
249,249,6,1
250,250,11,4
251,251,9,2
252,252,11,3
253,253,8,5
254,254,11,1
255,255,9,3
256,256,11,0
257,257,7,1
258,258,11,3
259,259,9,1
260,260,11,3
261,261,8,0
262,262,11,1
263,263,9,3
264,264,10,3
265,265,12,5
266,266,2,2
267,267,11,3
268,268,9,5
269,269,11,1
270,270,8,3
271,271,11,5
272,272,9,2
273,273,11,5
274,274,7,3
275,275,11,5
276,276,9,0
277,277,11,3
278,278,8,5
279,279,11,2
280,280,9,3
281,281,11,5
282,282,6,1
283,283,11,3
284,284,9,5
285,285,11,2
286,286,8,5
287,287,11,3
288,288,9,5
289,289,11,4
290,290,7,2
291,291,11,3
292,292,9,5
293,293,11,1
294,294,8,4
295,295,11,2
296,296,9,3
297,297,10,5
298,298,12,0
299,299,5,4
300,300,11,2
301,301,9,3
302,302,11,5
303,303,8,1
304,304,11,3
305,305,9,5
306,306,11,2
307,307,7,3
308,308,11,5
309,309,9,2
310,310,11,4
311,311,8,1
312,312,11,2
313,313,9,4
314,314,11,0
315,315,6,2
316,316,11,4
317,317,9,1
318,318,11,2
319,319,8,4
320,320,11,4
321,321,9,2
322,322,11,4
323,323,7,1
324,324,11,4
325,325,9,2
326,326,11,4
327,327,8,0
328,328,11,4
329,329,9,2
330,330,10,4
331,331,12,1
332,332,4,4
333,333,11,2
334,334,9,4
335,335,11,2
336,336,8,4
337,337,11,1
338,338,9,2
339,339,11,4
340,340,7,0
341,341,11,2
342,342,9,4
343,343,11,1
344,344,8,4
345,345,11,2
346,346,9,4
347,347,11,1
348,348,6,4
349,349,11,2
350,350,9,4
351,351,11,1
352,352,8,4
353,353,11,2
354,354,9,3
355,355,11,5
356,356,7,0
357,357,11,4
358,358,9,2
359,359,11,4
360,360,8,1
361,361,11,4
362,362,9,2
363,363,10,3
364,364,12,5
365,365,5,4
366,366,11,6
367,367,9,3
368,368,11,6
369,369,8,4
370,370,11,6
371,371,9,2
372,372,11,4
373,373,7,6
374,374,11,3
375,375,9,6
376,376,11,4
377,377,8,6
378,378,11,1
379,379,9,4
380,380,10,6
381,381,12,3
382,382,6,6
383,383,11,4
384,384,9,6
385,385,11,2
386,386,8,6
387,387,11,4
388,388,9,6
389,389,11,3
390,390,7,6
391,391,11,4
392,392,9,6
393,393,11,0
394,394,8,4
395,395,11,6
396,396,9,3
397,397,10,6
398,398,12,4
399,399,3,6
400,400,11,2
401,401,9,4
402,402,11,6
403,403,8,3
404,404,11,6
405,405,9,4
406,406,11,6
407,407,7,1
408,408,11,4
409,409,9,6
410,410,11,3
411,411,8,6
412,412,11,4
413,413,9,6
414,414,11,2
415,415,6,6
416,416,11,4
417,417,9,6
418,418,11,3
419,419,8,6
420,420,11,4
421,421,9,6
422,422,11,5
423,423,7,3
424,424,11,4
425,425,9,6
426,426,11,2
427,427,8,5
428,428,11,3
429,429,9,4
430,430,10,6
431,431,12,1
432,432,5,5
433,433,11,3
434,434,9,4
435,435,11,6
436,436,8,2
437,437,11,4
438,438,9,6
439,439,11,3
440,440,7,4
441,441,11,6
442,442,9,0
443,443,11,5
444,444,8,3
445,445,11,4
446,446,9,6
447,447,11,2
448,448,6,5
449,449,11,3
450,450,9,4
451,451,11,6
452,452,8,1
453,453,11,5
454,454,9,3
455,455,11,4
456,456,7,6
457,457,11,2
458,458,9,4
459,459,11,6
460,460,8,3
461,461,11,4
462,462,9,6
463,463,10,1
464,464,12,3
465,465,4,0
466,466,11,1
467,467,9,3
468,468,11,2
469,469,8,0
470,470,11,1
471,471,9,3
472,472,11,5
473,473,7,3
474,474,11,5
475,475,9,2
476,476,11,5
477,477,8,3
478,478,11,4
479,479,9,6
480,480,11,1
481,481,6,5
482,482,11,3
483,483,9,4
484,484,11,6
485,485,8,2
486,486,11,5
487,487,9,3
488,488,11,4
489,489,7,6
490,490,11,0
491,491,9,5
492,492,11,3
493,493,8,5
494,494,11,2
495,495,9,5
496,496,10,3
497,497,12,4
498,498,5,6
499,499,11,1
500,500,9,5
501,501,11,3
502,502,8,4
503,503,11,6
504,504,9,2
505,505,11,5
506,506,7,3
507,507,11,4
508,508,9,6
509,509,11,1
510,510,8,2
511,511,11,4
512,512,9,1
513,513,10,2
514,514,12,4
515,515,6,0
516,516,11,2
517,517,9,4
518,518,11,1
519,519,8,4
520,520,11,2
521,521,9,4
522,522,11,6
523,523,7,4
524,524,11,6
525,525,9,3
526,526,11,6
527,527,8,4
528,528,11,5
529,529,9,7
530,530,10,2
531,531,12,6
532,532,1,4
533,533,11,6
534,534,9,3
535,535,11,6
536,536,8,4
537,537,11,5
538,538,9,7
539,539,11,1
540,540,7,6
541,541,11,4
542,542,9,6
543,543,11,3
544,544,8,6
545,545,11,4
546,546,9,5
547,547,11,7
548,548,6,2
549,549,11,6
550,550,9,4
551,551,11,5
552,552,8,7
553,553,11,3
554,554,9,6
555,555,11,4
556,556,7,5
557,557,11,7
558,558,9,0
559,559,11,6
560,560,8,4
561,561,11,6
562,562,9,3
563,563,10,6
564,564,12,4
565,565,5,5
566,566,11,7
567,567,9,2
568,568,11,6
569,569,8,4
570,570,11,6
571,571,9,3
572,572,11,6
573,573,7,4
574,574,11,5
575,575,9,7
576,576,11,1
577,577,8,6
578,578,11,4
579,579,9,6
580,580,11,3
581,581,6,6
582,582,11,4
583,583,9,5
584,584,11,7
585,585,8,2
586,586,11,6
587,587,9,4
588,588,11,5
589,589,7,7
590,590,11,3
591,591,9,6
592,592,11,4
593,593,8,5
594,594,11,7
595,595,9,5
596,596,10,7
597,597,12,4
598,598,4,5
599,599,11,7
600,600,9,3
601,601,11,5
602,602,8,7
603,603,11,4
604,604,9,7
605,605,11,5
606,606,7,7
607,607,11,2
608,608,9,5
609,609,11,7
610,610,8,4
611,611,11,7
612,612,9,5
613,613,11,7
614,614,6,3
615,615,11,5
616,616,9,7
617,617,11,4
618,618,8,7
619,619,11,5
620,620,9,7
621,621,11,1
622,622,7,5
623,623,11,7
624,624,9,4
625,625,11,7
626,626,8,5
627,627,11,7
628,628,9,3
629,629,10,5
630,630,12,7
631,631,5,4
632,632,11,7
633,633,9,5
634,634,11,7
635,635,8,2
636,636,11,5
637,637,9,7
638,638,11,4
639,639,7,7
640,640,11,5
641,641,9,7
642,642,11,3
643,643,8,5
644,644,11,7
645,645,9,4
646,646,10,7
647,647,12,5
648,648,6,7
649,649,11,0
650,650,9,5
651,651,11,7
652,652,8,4
653,653,11,5
654,654,9,7
655,655,11,3
656,656,7,5
657,657,11,7
658,658,9,4
659,659,11,7
660,660,8,5
661,661,11,7
662,662,9,2
663,663,10,5
664,664,12,7
665,665,3,4
666,666,11,7
667,667,9,5
668,668,11,7
669,669,8,3
670,670,11,5
671,671,9,7
672,672,11,4
673,673,7,7
674,674,11,5
675,675,9,7
676,676,11,1
677,677,8,5
678,678,11,7
679,679,9,4
680,680,11,7
681,681,6,5
682,682,11,7
683,683,9,3
684,684,11,5
685,685,8,7
686,686,11,4
687,687,9,7
688,688,11,5
689,689,7,7
690,690,11,2
691,691,9,5
692,692,11,7
693,693,8,4
694,694,11,7
695,695,9,5
696,696,10,7
697,697,12,3
698,698,5,5
699,699,11,7
700,700,9,4
701,701,11,7
702,702,8,5
703,703,11,7
704,704,9,5
705,705,11,7
706,706,7,4
707,707,11,7
708,708,9,5
709,709,11,7
710,710,8,3
711,711,11,7
712,712,9,5
713,713,11,7
714,714,6,4
715,715,11,7
716,716,9,5
717,717,11,7
718,718,8,2
719,719,11,7
720,720,9,5
721,721,11,7
722,722,7,4
723,723,11,7
724,724,9,5
725,725,11,7
726,726,8,3
727,727,11,7
728,728,9,5
729,729,10,7
730,730,12,4
731,731,4,7
732,732,11,5
733,733,9,7
734,734,11,1
735,735,8,5
736,736,11,7
737,737,9,4
738,738,11,7
739,739,7,5
740,740,11,7
741,741,9,3
742,742,11,7
743,743,8,5
744,744,11,7
745,745,9,4
746,746,11,7
747,747,6,5
748,748,11,7
749,749,9,2
750,750,11,7
751,751,8,5
752,752,11,7
753,753,9,4
754,754,11,7
755,755,7,5
756,756,11,7
757,757,9,3
758,758,11,7
759,759,8,5
760,760,11,7
761,761,9,4
762,762,10,7
763,763,12,5
764,764,5,7
765,765,11,0
766,766,9,5
767,767,11,7
768,768,8,4
769,769,11,7
770,770,9,5
771,771,11,7
772,772,7,3
773,773,11,7
774,774,9,5
775,775,11,7
776,776,8,4
777,777,11,7
778,778,9,5
779,779,10,7
780,780,12,2
781,781,6,7
782,782,11,5
783,783,9,7
784,784,11,4
785,785,8,7
786,786,11,5
787,787,9,7
788,788,11,3
789,789,7,7
790,790,11,5
791,791,9,7
792,792,11,4
793,793,8,7
794,794,11,5
795,795,9,7
796,796,10,1
797,797,12,5
798,798,2,7
799,799,11,4
800,800,9,7
801,801,11,5
802,802,8,7
803,803,11,3
804,804,9,7
805,805,11,5
806,806,7,7
807,807,11,4
808,808,9,7
809,809,11,5
810,810,8,7
811,811,11,2
812,812,9,7
813,813,11,5
814,814,6,7
815,815,11,4
816,816,9,7
817,817,11,5
818,818,8,7
819,819,11,3
820,820,9,7
821,821,11,5
822,822,7,7
823,823,11,4
824,824,9,7
825,825,11,5
826,826,8,7
827,827,11,6
828,828,9,4
829,829,10,5
830,830,12,7
831,831,5,3
832,832,11,5
833,833,9,7
834,834,11,4
835,835,8,5
836,836,11,7
837,837,9,2
838,838,11,5
839,839,7,7
840,840,11,4
841,841,9,5
842,842,11,7
843,843,8,3
844,844,11,5
845,845,9,7
846,846,11,4
847,847,6,5
848,848,11,7
849,849,9,1
850,850,11,5
851,851,8,7
852,852,11,4
853,853,9,5
854,854,11,7
855,855,7,3
856,856,11,5
857,857,9,7
858,858,11,4
859,859,8,5
860,860,11,7
861,861,9,2
862,862,10,5
863,863,12,7
864,864,4,4
865,865,11,5
866,866,9,7
867,867,11,3
868,868,8,5
869,869,11,7
870,870,9,4
871,871,11,5
872,872,7,7
873,873,11,0
874,874,9,5
875,875,11,7
876,876,8,4
877,877,11,5
878,878,9,7
879,879,11,3
880,880,6,5
881,881,11,7
882,882,9,4
883,883,11,5
884,884,8,7
885,885,11,2
886,886,9,5
887,887,11,7
888,888,7,4
889,889,11,5
890,890,9,7
891,891,11,3
892,892,8,5
893,893,11,7
894,894,9,4
895,895,10,5
896,896,12,7
897,897,5,1
898,898,11,5
899,899,9,7
900,900,11,4
901,901,8,5
902,902,11,7
903,903,9,3
904,904,11,5
905,905,7,7
906,906,11,4
907,907,9,5
908,908,11,7
909,909,8,2
910,910,11,5
911,911,9,7
912,912,10,4
913,913,12,5
914,914,6,7
915,915,11,3
916,916,9,5
917,917,11,7
918,918,8,4
919,919,11,5
920,920,9,7
921,921,11,4
922,922,7,6
923,923,11,3
924,924,9,4
925,925,11,6
926,926,8,2
927,927,11,4
928,928,9,6
929,929,10,3
930,930,12,4
931,931,3,6
932,932,11,1
933,933,9,4
934,934,11,6
935,935,8,3
936,936,11,4
937,937,9,6
938,938,11,2
939,939,7,4
940,940,11,6
941,941,9,3
942,942,11,6
943,943,8,4
944,944,11,6
945,945,9,0
946,946,11,4
947,947,6,6
948,948,11,3
949,949,9,4
950,950,11,6
951,951,8,2
952,952,11,4
953,953,9,6
954,954,11,3
955,955,7,6
956,956,11,4
957,957,9,6
958,958,11,1
959,959,8,4
960,960,11,6
961,961,9,3
962,962,10,4
963,963,12,6
964,964,5,2
965,965,11,4
966,966,9,6
967,967,11,3
968,968,8,6
969,969,11,4
970,970,9,6
971,971,11,5
972,972,7,7
973,973,11,4
974,974,9,7
975,975,11,5
976,976,8,7
977,977,11,3
978,978,9,5
979,979,10,7
980,980,12,4
981,981,6,7
982,982,11,5
983,983,9,7
984,984,11,2
985,985,8,5
986,986,11,7
987,987,9,4
988,988,11,7
989,989,7,5
990,990,11,7
991,991,9,3
992,992,11,7
993,993,8,5
994,994,11,7
995,995,9,4
996,996,10,7
997,997,12,5
998,998,4,7
999,999,11,1
1000,1000,9,5
1001,1001,11,7
1002,1002,8,4
1003,1003,11,7
1004,1004,9,5
1005,1005,11,7
1006,1006,7,3
1007,1007,11,7
1008,1008,9,5
1009,1009,11,7
1010,1010,8,4
1011,1011,11,7
1012,1012,9,5
1013,1013,11,7
1014,1014,6,2
1015,1015,11,5
1016,1016,9,7
1017,1017,11,4
1018,1018,8,7
1019,1019,11,5
1020,1020,9,7
1021,1021,11,3
1022,1022,7,7
1023,1023,11,5
1024,1024,9,7
1025,1025,11,4
1026,1026,8,7
1027,1027,11,5
1028,1028,9,7
1029,1029,10,0
1030,1030,12,5
1031,1031,5,7
1032,1032,11,4
1033,1033,9,7
1034,1034,11,5
1035,1035,8,7
1036,1036,11,3
1037,1037,9,5
1038,1038,11,7
1039,1039,7,4
1040,1040,11,7
1041,1041,9,5
1042,1042,11,7
1043,1043,8,2
1044,1044,11,5
1045,1045,9,7
1046,1046,10,4
1047,1047,12,7
1048,1048,6,5
1049,1049,11,7
1050,1050,9,3
1051,1051,11,7
1052,1052,8,5
1053,1053,11,7
1054,1054,9,4
1055,1055,11,7
1056,1056,7,5
1057,1057,11,7
1058,1058,9,1
1059,1059,11,5
1060,1060,8,7
1061,1061,11,4
1062,1062,9,7
1063,1063,10,5
1064,1064,12,7
1065,1065,0,3
1066,1066,11,7
1067,1067,9,5
1068,1068,11,7
1069,1069,8,4
1070,1070,11,7
1071,1071,9,5
1072,1072,11,7
1073,1073,7,2
1074,1074,11,5
1075,1075,9,7
1076,1076,11,4
1077,1077,8,7
1078,1078,11,5
1079,1079,9,7
1080,1080,11,3
1081,1081,6,7
1082,1082,11,5
1083,1083,9,7
1084,1084,11,4
1085,1085,8,7
1086,1086,11,5
1087,1087,9,7
1088,1088,11,4
1089,1089,7,6
1090,1090,11,3
1091,1091,9,6
1092,1092,11,4
1093,1093,8,6
1094,1094,11,2
1095,1095,9,4
1096,1096,10,6
1097,1097,12,3
1098,1098,5,6
1099,1099,11,4
1100,1100,9,6
1101,1101,11,1
1102,1102,8,4
1103,1103,11,6
1104,1104,9,3
1105,1105,11,6
1106,1106,7,4
1107,1107,11,6
1108,1108,9,2
1109,1109,11,6
1110,1110,8,4
1111,1111,11,6
1112,1112,9,3
1113,1113,11,6
1114,1114,6,4
1115,1115,11,6
1116,1116,9,0
1117,1117,11,4
1118,1118,8,6
1119,1119,11,3
1120,1120,9,6
1121,1121,11,4
1122,1122,7,6
1123,1123,11,2
1124,1124,9,4
1125,1125,11,6
1126,1126,8,3
1127,1127,11,6
1128,1128,9,4
1129,1129,10,6
1130,1130,12,1
1131,1131,4,4
1132,1132,11,6
1133,1133,9,3
1134,1134,11,6
1135,1135,8,4
1136,1136,11,6
1137,1137,9,2
1138,1138,11,6
1139,1139,7,4
1140,1140,11,6
1141,1141,9,3
1142,1142,11,6
1143,1143,8,4
1144,1144,11,6
1145,1145,9,6
1146,1146,11,4
1147,1147,6,5
1148,1148,11,7
1149,1149,9,3
1150,1150,11,5
1151,1151,8,7
1152,1152,11,4
1153,1153,9,5
1154,1154,11,7
1155,1155,7,2
1156,1156,11,6
1157,1157,9,4
1158,1158,11,5
1159,1159,8,7
1160,1160,11,3
1161,1161,9,5
1162,1162,10,7
1163,1163,12,4
1164,1164,5,5
1165,1165,11,7
1166,1166,9,1
1167,1167,11,6
1168,1168,8,4
1169,1169,11,5
1170,1170,9,7
1171,1171,11,3
1172,1172,7,5
1173,1173,11,7
1174,1174,9,4
1175,1175,11,5
1176,1176,8,7
1177,1177,11,2
1178,1178,9,5
1179,1179,10,7
1180,1180,12,4
1181,1181,6,5
1182,1182,11,7
1183,1183,9,3
1184,1184,11,5
1185,1185,8,7
1186,1186,11,4
1187,1187,9,5
1188,1188,11,7
1189,1189,7,0
1190,1190,11,6
1191,1191,9,4
1192,1192,11,5
1193,1193,8,7
1194,1194,11,3
1195,1195,9,5
1196,1196,10,7
1197,1197,12,4
1198,1198,3,5
1199,1199,11,7
1200,1200,9,2
1201,1201,11,6
1202,1202,8,4
1203,1203,11,5
1204,1204,9,7
1205,1205,11,3
1206,1206,7,5
1207,1207,11,7
1208,1208,9,4
1209,1209,11,5
1210,1210,8,7
1211,1211,11,1
1212,1212,9,6
1213,1213,11,4
1214,1214,6,5
1215,1215,11,7
1216,1216,9,3
1217,1217,11,5
1218,1218,8,7
1219,1219,11,4
1220,1220,9,5
1221,1221,11,7
1222,1222,7,2
1223,1223,11,5
1224,1224,9,7
1225,1225,11,4
1226,1226,8,5
1227,1227,11,7
1228,1228,9,3
1229,1229,10,5
1230,1230,12,7
1231,1231,5,4
1232,1232,11,5
1233,1233,9,7
1234,1234,11,4
1235,1235,8,2
1236,1236,11,3
1237,1237,9,5
1238,1238,11,1
1239,1239,7,4
1240,1240,11,2
1241,1241,9,3
1242,1242,11,5
1243,1243,8,0
1244,1244,11,4
1245,1245,9,2
1246,1246,11,3
1247,1247,6,5
1248,1248,11,1
1249,1249,9,3
1250,1250,11,5
1251,1251,8,2
1252,1252,11,3
1253,1253,9,5
1254,1254,11,2
1255,1255,7,0
1256,1256,11,2
1257,1257,9,3
1258,1258,11,5
1259,1259,8,2
1260,1260,11,3
1261,1261,9,5
1262,1262,10,1
1263,1263,12,3
1264,1264,4,5
1265,1265,11,2
1266,1266,9,5
1267,1267,11,3
1268,1268,8,5
1269,1269,11,0
1270,1270,9,3
1271,1271,11,5
1272,1272,7,2
1273,1273,11,5
1274,1274,9,3
1275,1275,11,5
1276,1276,8,1
1277,1277,11,3
1278,1278,9,5
1279,1279,11,2
1280,1280,6,5
1281,1281,11,3
1282,1282,9,5
1283,1283,11,6
1284,1284,8,4
1285,1285,11,6
1286,1286,9,3
1287,1287,11,6
1288,1288,7,4
1289,1289,11,6
1290,1290,9,2
1291,1291,11,6
1292,1292,8,4
1293,1293,11,6
1294,1294,9,3
1295,1295,10,6
1296,1296,12,4
1297,1297,5,5
1298,1298,11,7
1299,1299,9,1
1300,1300,11,6
1301,1301,8,4
1302,1302,11,6
1303,1303,9,3
1304,1304,11,6
1305,1305,7,4
1306,1306,11,5
1307,1307,9,7
1308,1308,11,2
1309,1309,8,6
1310,1310,11,4
1311,1311,9,6
1312,1312,10,3
1313,1313,12,6
1314,1314,6,4
1315,1315,11,5
1316,1316,9,7
1317,1317,11,0
1318,1318,8,6
1319,1319,11,4
1320,1320,9,6
1321,1321,11,3
1322,1322,7,6
1323,1323,11,4
1324,1324,9,6
1325,1325,11,2
1326,1326,8,6
1327,1327,11,4
1328,1328,9,6
1329,1329,10,3
1330,1330,12,6
1331,1331,2,4
1332,1332,11,5
1333,1333,9,7
1334,1334,11,1
1335,1335,8,6
1336,1336,11,4
1337,1337,9,6
1338,1338,11,3
1339,1339,7,6
1340,1340,11,4
1341,1341,9,5
1342,1342,11,7
1343,1343,8,2
1344,1344,11,6
1345,1345,9,4
1346,1346,11,6
1347,1347,6,3
1348,1348,11,6
1349,1349,9,4
1350,1350,11,5
1351,1351,8,7
1352,1352,11,6
1353,1353,9,4
1354,1354,11,6
1355,1355,7,3
1356,1356,11,6
1357,1357,9,4
1358,1358,11,6
1359,1359,8,2
1360,1360,11,6
1361,1361,9,4
1362,1362,10,6
1363,1363,12,3
1364,1364,5,6
1365,1365,11,4
1366,1366,9,5
1367,1367,11,7
1368,1368,8,1
1369,1369,11,6
1370,1370,9,4
1371,1371,11,6
1372,1372,7,3
1373,1373,11,6
1374,1374,9,4
1375,1375,11,6
1376,1376,8,2
1377,1377,11,6
1378,1378,9,4
1379,1379,11,6
1380,1380,6,3
1381,1381,11,6
1382,1382,9,4
1383,1383,11,5
1384,1384,8,7
1385,1385,11,0
1386,1386,9,6
1387,1387,11,4
1388,1388,7,6
1389,1389,11,3
1390,1390,9,6
1391,1391,11,4
1392,1392,8,6
1393,1393,11,2
1394,1394,9,6
1395,1395,10,4
1396,1396,12,6
1397,1397,4,3
1398,1398,11,6
1399,1399,9,4
1400,1400,11,5
1401,1401,8,7
1402,1402,11,1
1403,1403,9,6
1404,1404,11,4
1405,1405,7,6
1406,1406,11,3
1407,1407,9,6
1408,1408,11,4
1409,1409,8,5
1410,1410,11,7
1411,1411,9,2
1412,1412,11,6
1413,1413,6,4
1414,1414,11,6
1415,1415,9,3
1416,1416,11,6
1417,1417,8,4
1418,1418,11,5
1419,1419,9,7
1420,1420,11,5
1421,1421,7,3
1422,1422,11,5
1423,1423,9,2
1424,1424,11,5
1425,1425,8,3
1426,1426,11,5
1427,1427,9,1
1428,1428,10,5
1429,1429,12,3
1430,1430,5,5
1431,1431,11,2
1432,1432,9,5
1433,1433,11,3
1434,1434,8,4
1435,1435,11,6
1436,1436,9,0
1437,1437,11,5
1438,1438,7,3
1439,1439,11,5
1440,1440,9,2
1441,1441,11,5
1442,1442,8,3
1443,1443,11,5
1444,1444,9,1
1445,1445,10,5
1446,1446,12,3
1447,1447,6,5
1448,1448,11,2
1449,1449,9,5
1450,1450,11,3
1451,1451,8,4
1452,1452,11,6
1453,1453,9,5
1454,1454,11,3
1455,1455,7,5
1456,1456,11,2
1457,1457,9,5
1458,1458,11,3
1459,1459,8,4
1460,1460,11,6
1461,1461,9,1
1462,1462,10,5
1463,1463,12,3
1464,1464,3,4
1465,1465,11,6
1466,1466,9,2
1467,1467,11,5
1468,1468,8,3
1469,1469,11,4
1470,1470,9,6
1471,1471,11,0
1472,1472,7,5
1473,1473,11,3
1474,1474,9,5
1475,1475,11,2
1476,1476,8,5
1477,1477,11,3
1478,1478,9,4
1479,1479,11,6
1480,1480,6,1
1481,1481,11,5
1482,1482,9,3
1483,1483,11,4
1484,1484,8,6
1485,1485,11,2
1486,1486,9,5
1487,1487,11,3
1488,1488,7,4
1489,1489,11,6
1490,1490,9,6
1491,1491,11,4
1492,1492,8,6
1493,1493,11,3
1494,1494,9,6
1495,1495,10,4
1496,1496,12,5
1497,1497,5,7
1498,1498,11,2
1499,1499,9,6
1500,1500,11,4
1501,1501,8,5
1502,1502,11,7
1503,1503,9,3
1504,1504,11,6
1505,1505,7,4
1506,1506,11,5
1507,1507,9,7
1508,1508,11,1
1509,1509,8,6
1510,1510,11,4
1511,1511,9,5
1512,1512,10,7
1513,1513,12,3
1514,1514,6,6
1515,1515,11,4
1516,1516,9,5
1517,1517,11,7
1518,1518,8,2
1519,1519,11,6
1520,1520,9,4
1521,1521,11,5
1522,1522,7,7
1523,1523,11,3
1524,1524,9,6
1525,1525,11,4
1526,1526,8,5
1527,1527,11,7
1528,1528,9,0
1529,1529,10,6
1530,1530,12,4
1531,1531,4,6
1532,1532,11,3
1533,1533,9,6
1534,1534,11,4
1535,1535,8,5
1536,1536,11,7
1537,1537,9,2
1538,1538,11,6
1539,1539,7,4
1540,1540,11,5
1541,1541,9,7
1542,1542,11,3
1543,1543,8,6
1544,1544,11,4
1545,1545,9,5
1546,1546,11,7
1547,1547,6,1
1548,1548,11,6
1549,1549,9,4
1550,1550,11,5
1551,1551,8,7
1552,1552,11,3
1553,1553,9,6
1554,1554,11,4
1555,1555,7,5
1556,1556,11,7
1557,1557,9,2
1558,1558,11,6
1559,1559,8,4
1560,1560,11,5
1561,1561,9,7
1562,1562,10,3
1563,1563,12,6
1564,1564,5,4
1565,1565,11,5
1566,1566,9,7
1567,1567,11,3
1568,1568,8,1
1569,1569,11,2
1570,1570,9,4
1571,1571,11,0
1572,1572,7,3
1573,1573,11,1
1574,1574,9,2
1575,1575,11,4
1576,1576,8,4
1577,1577,11,6
1578,1578,9,3
1579,1579,10,6
1580,1580,12,4
1581,1581,6,6
1582,1582,11,2
1583,1583,9,4
1584,1584,11,6
1585,1585,8,3
1586,1586,11,6
1587,1587,9,4
1588,1588,11,6
1589,1589,7,1
1590,1590,11,4
1591,1591,9,6
1592,1592,11,3
1593,1593,8,6
1594,1594,11,4
1595,1595,9,6
1596,1596,10,2
1597,1597,12,6
1598,1598,1,4
1599,1599,11,6
1600,1600,9,3
1601,1601,11,6
1602,1602,8,4
1603,1603,11,6
1604,1604,9,0
1605,1605,11,4
1606,1606,7,6
1607,1607,11,3
1608,1608,9,6
1609,1609,11,4
1610,1610,8,6
1611,1611,11,2
1612,1612,9,4
1613,1613,11,6
1614,1614,6,3
1615,1615,11,6
1616,1616,9,4
1617,1617,11,6
1618,1618,8,1
1619,1619,11,4
1620,1620,9,6
1621,1621,11,3
1622,1622,7,6
1623,1623,11,4
1624,1624,9,6
1625,1625,11,2
1626,1626,8,6
1627,1627,11,4
1628,1628,9,6
1629,1629,10,3
1630,1630,12,6
1631,1631,5,4
1632,1632,11,6
1633,1633,9,6
1634,1634,11,8
1635,1635,8,5
1636,1636,11,8
1637,1637,9,6
1638,1638,11,8
1639,1639,7,4
1640,1640,11,6
1641,1641,9,8
1642,1642,11,5
1643,1643,8,8
1644,1644,11,6
1645,1645,9,8
1646,1646,11,3
1647,1647,6,6
1648,1648,11,8
1649,1649,9,5
1650,1650,11,8
1651,1651,8,6
1652,1652,11,8
1653,1653,9,4
1654,1654,11,8
1655,1655,7,6
1656,1656,11,8
1657,1657,9,5
1658,1658,11,8
1659,1659,8,6
1660,1660,11,8
1661,1661,9,2
1662,1662,10,6
1663,1663,12,8
1664,1664,4,5
1665,1665,11,8
1666,1666,9,6
1667,1667,11,8
1668,1668,8,4
1669,1669,11,6
1670,1670,9,8
1671,1671,11,5
1672,1672,7,8
1673,1673,11,6
1674,1674,9,8
1675,1675,11,3
1676,1676,8,6
1677,1677,11,8
1678,1678,9,5
1679,1679,11,8
1680,1680,6,6
1681,1681,11,8
1682,1682,9,4
1683,1683,11,8
1684,1684,8,6
1685,1685,11,8
1686,1686,9,5
1687,1687,11,8
1688,1688,7,6
1689,1689,11,8
1690,1690,9,1
1691,1691,11,6
1692,1692,8,8
1693,1693,11,5
1694,1694,9,8
1695,1695,10,6
1696,1696,12,8
1697,1697,5,4
1698,1698,11,6
1699,1699,9,8
1700,1700,11,5
1701,1701,8,8
1702,1702,11,6
1703,1703,9,8
1704,1704,11,3
1705,1705,7,6
1706,1706,11,8
1707,1707,9,5
1708,1708,11,8
1709,1709,8,6
1710,1710,11,8
1711,1711,9,4
1712,1712,10,8
1713,1713,12,6
1714,1714,6,8
1715,1715,11,5
1716,1716,9,8
1717,1717,11,6
1718,1718,8,8
1719,1719,11,2
1720,1720,9,6
1721,1721,11,8
1722,1722,7,5
1723,1723,11,8
1724,1724,9,6
1725,1725,11,8
1726,1726,8,4
1727,1727,11,6
1728,1728,9,8
1729,1729,10,5
1730,1730,12,8
1731,1731,3,6
1732,1732,11,8
1733,1733,9,3
1734,1734,11,6
1735,1735,8,8
1736,1736,11,5
1737,1737,9,8
1738,1738,11,6
1739,1739,7,8
1740,1740,11,4
1741,1741,9,8
1742,1742,11,6
1743,1743,8,8
1744,1744,11,5
1745,1745,9,8
1746,1746,11,6
1747,1747,6,8
1748,1748,11,0
1749,1749,9,6
1750,1750,11,8
1751,1751,8,5
1752,1752,11,8
1753,1753,9,6
1754,1754,11,8
1755,1755,7,4
1756,1756,11,6
1757,1757,9,8
1758,1758,11,5
1759,1759,8,8
1760,1760,11,6
1761,1761,9,8
1762,1762,10,3
1763,1763,12,6
1764,1764,5,8
1765,1765,11,5
1766,1766,9,8
1767,1767,11,6
1768,1768,8,8
1769,1769,11,4
1770,1770,9,8
1771,1771,11,6
1772,1772,7,8
1773,1773,11,5
1774,1774,9,8
1775,1775,11,6
1776,1776,8,8
1777,1777,11,2
1778,1778,9,6
1779,1779,11,8
1780,1780,6,5
1781,1781,11,8
1782,1782,9,6
1783,1783,11,8
1784,1784,8,4
1785,1785,11,6
1786,1786,9,8
1787,1787,11,5
1788,1788,7,8
1789,1789,11,6
1790,1790,9,8
1791,1791,11,3
1792,1792,8,6
1793,1793,11,8
1794,1794,9,5
1795,1795,10,8
1796,1796,12,6
1797,1797,4,8
1798,1798,11,4
1799,1799,9,8
1800,1800,11,6
1801,1801,8,8
1802,1802,11,5
1803,1803,9,8
1804,1804,11,6
1805,1805,7,8
1806,1806,11,1
1807,1807,9,6
1808,1808,11,8
1809,1809,8,5
1810,1810,11,8
1811,1811,9,6
1812,1812,11,8
1813,1813,6,4
1814,1814,11,6
1815,1815,9,8
1816,1816,11,5
1817,1817,8,8
1818,1818,11,6
1819,1819,9,8
1820,1820,11,3
1821,1821,7,6
1822,1822,11,8
1823,1823,9,5
1824,1824,11,8
1825,1825,8,6
1826,1826,11,8
1827,1827,9,4
1828,1828,10,8
1829,1829,12,6
1830,1830,5,8
1831,1831,11,5
1832,1832,9,8
1833,1833,11,6
1834,1834,8,8
1835,1835,11,2
1836,1836,9,6
1837,1837,11,8
1838,1838,7,5
1839,1839,11,8
1840,1840,9,6
1841,1841,11,8
1842,1842,8,4
1843,1843,11,6
1844,1844,9,8
1845,1845,10,5
1846,1846,12,8
1847,1847,6,6
1848,1848,11,8
1849,1849,9,3
1850,1850,11,6
1851,1851,8,8
1852,1852,11,5
1853,1853,9,8
1854,1854,11,6
1855,1855,7,8
1856,1856,11,4
1857,1857,9,8
1858,1858,11,6
1859,1859,8,8
1860,1860,11,5
1861,1861,9,8
1862,1862,10,6
1863,1863,12,8
1864,1864,2,5
1865,1865,11,7
1866,1866,9,4
1867,1867,11,7
1868,1868,8,5
1869,1869,11,7
1870,1870,9,3
1871,1871,11,5
1872,1872,7,7
1873,1873,11,4
1874,1874,9,7
1875,1875,11,5
1876,1876,8,7
1877,1877,11,2
1878,1878,9,5
1879,1879,11,7
1880,1880,6,4
1881,1881,11,7
1882,1882,9,5
1883,1883,11,7
1884,1884,8,3
1885,1885,11,5
1886,1886,9,7
1887,1887,11,4
1888,1888,7,7
1889,1889,11,5
1890,1890,9,7
1891,1891,11,1
1892,1892,8,5
1893,1893,11,7
1894,1894,9,4
1895,1895,10,7
1896,1896,12,5
1897,1897,5,7
1898,1898,11,3
1899,1899,9,5
1900,1900,11,7
1901,1901,8,4
1902,1902,11,7
1903,1903,9,5
1904,1904,11,7
1905,1905,7,2
1906,1906,11,5
1907,1907,9,7
1908,1908,11,4
1909,1909,8,7
1910,1910,11,5
1911,1911,9,7
1912,1912,11,3
1913,1913,6,5
1914,1914,11,7
1915,1915,9,4
1916,1916,11,7
1917,1917,8,5
1918,1918,11,7
1919,1919,9,0
1920,1920,11,5
1921,1921,7,7
1922,1922,11,4
1923,1923,9,7
1924,1924,11,5
1925,1925,8,7
1926,1926,11,3
1927,1927,9,5
1928,1928,10,7
1929,1929,12,4
1930,1930,4,7
1931,1931,11,5
1932,1932,9,7
1933,1933,11,2
1934,1934,8,5
1935,1935,11,7
1936,1936,9,4
1937,1937,11,7
1938,1938,7,5
1939,1939,11,7
1940,1940,9,3
1941,1941,11,5
1942,1942,8,7
1943,1943,11,4
1944,1944,9,7
1945,1945,11,5
1946,1946,6,7
1947,1947,11,1
1948,1948,9,5
1949,1949,11,7
1950,1950,8,4
1951,1951,11,7
1952,1952,9,5
1953,1953,11,7
1954,1954,7,3
1955,1955,11,5
1956,1956,9,7
1957,1957,11,4
1958,1958,8,7
1959,1959,11,5
1960,1960,9,7
1961,1961,10,2
1962,1962,12,5
1963,1963,5,7
1964,1964,11,4
1965,1965,9,7
1966,1966,11,5
1967,1967,8,7
1968,1968,11,3
1969,1969,9,5
1970,1970,11,7
1971,1971,7,4
1972,1972,11,7
1973,1973,9,5
1974,1974,11,7
1975,1975,8,4
1976,1976,11,2
1977,1977,9,4
1978,1978,10,1
1979,1979,12,4
1980,1980,6,2
1981,1981,11,3
1982,1982,9,5
1983,1983,11,0
1984,1984,8,4
1985,1985,11,2
1986,1986,9,3
1987,1987,11,5
1988,1988,7,1
1989,1989,11,4
1990,1990,9,2
1991,1991,11,3
1992,1992,8,5
1993,1993,11,4
1994,1994,9,2
1995,1995,10,4
1996,1996,12,1
1997,1997,3,4
1998,1998,11,2
1999,1999,9,4
2000,2000,11,0
2001,2001,8,4
2002,2002,11,2
2003,2003,9,4
2004,2004,11,1
2005,2005,7,4
2006,2006,11,2
2007,2007,9,4
2008,2008,11,5
2009,2009,8,7
2010,2010,11,4
2011,2011,9,5
2012,2012,11,7
2013,2013,6,3
2014,2014,11,5
2015,2015,9,7
2016,2016,11,4
2017,2017,8,7
2018,2018,11,5
2019,2019,9,7
2020,2020,11,2
2021,2021,7,5
2022,2022,11,7
2023,2023,9,4
2024,2024,11,5
2025,2025,8,7
2026,2026,11,3
2027,2027,9,5
2028,2028,10,7
2029,2029,12,4
2030,2030,5,7
2031,2031,11,5
2032,2032,9,7
2033,2033,11,1
2034,2034,8,5
2035,2035,11,7
2036,2036,9,4
2037,2037,11,5
2038,2038,7,7
2039,2039,11,3
2040,2040,9,5
2041,2041,11,7
2042,2042,8,4
2043,2043,11,7
2044,2044,9,5
2045,2045,10,7
2046,2046,12,2
2047,2047,6,5
2048,2048,11,7
2049,2049,9,4
2050,2050,11,5
2051,2051,8,7
2052,2052,11,3
2053,2053,9,5
2054,2054,11,7
2055,2055,7,4
2056,2056,11,7
2057,2057,9,5
2058,2058,11,7
2059,2059,8,0
2060,2060,11,5
2061,2061,9,7
2062,2062,10,4
2063,2063,12,5
2064,2064,4,7
2065,2065,11,3
2066,2066,9,5
2067,2067,11,7
2068,2068,8,4
2069,2069,11,7
2070,2070,9,5
2071,2071,11,7
2072,2072,7,2
2073,2073,11,5
2074,2074,9,7
2075,2075,11,4
2076,2076,8,5
2077,2077,11,7
2078,2078,9,3
2079,2079,11,5
2080,2080,6,7
2081,2081,11,4
2082,2082,9,7
2083,2083,11,5
2084,2084,8,7
2085,2085,11,1
2086,2086,9,5
2087,2087,11,7
2088,2088,7,4
2089,2089,11,5
2090,2090,9,7
2091,2091,11,3
2092,2092,8,5
2093,2093,11,7
2094,2094,9,4
2095,2095,10,7
2096,2096,12,5
2097,2097,5,7
2098,2098,11,2
2099,2099,9,5
2100,2100,11,7
2101,2101,8,4
2102,2102,11,7
2103,2103,9,5
2104,2104,11,7
2105,2105,7,3
2106,2106,11,5
2107,2107,9,7
2108,2108,11,4
2109,2109,8,7
2110,2110,11,5
2111,2111,9,7
2112,2112,10,2
2113,2113,12,0
2114,2114,6,1
2115,2115,11,3
2116,2116,9,4
2117,2117,11,2
2118,2118,8,4
2119,2119,11,1
2120,2120,9,4
2121,2121,11,2
2122,2122,7,4
2123,2123,11,0
2124,2124,9,4
2125,2125,11,2
2126,2126,8,4
2127,2127,11,1
2128,2128,9,4
2129,2129,10,2
2130,2130,12,4
2131,2130,10,6
